#,Project Title,Project Manager,Process,End Date,Finance Tracked ?,YtD Actuals [M$],YtD OP2 [M$],%,
dummyData_42,dummyData_86,dummyData_42,dummyData_56,dummyData_58,dummyData_6,dummyData_93,dummyData_13,dummyData_1,
dummyData_16,dummyData_6,dummyData_73,dummyData_92,dummyData_19,dummyData_50,dummyData_37,dummyData_27,dummyData_35,
dummyData_9,dummyData_54,dummyData_62,dummyData_66,dummyData_40,dummyData_72,dummyData_23,dummyData_88,dummyData_59,
dummyData_49,dummyData_83,dummyData_60,dummyData_29,dummyData_8,dummyData_32,dummyData_13,dummyData_56,dummyData_22,
dummyData_54,dummyData_30,dummyData_78,dummyData_69,dummyData_52,dummyData_57,dummyData_14,dummyData_29,dummyData_46,
dummyData_29,dummyData_73,dummyData_85,dummyData_46,dummyData_30,dummyData_12,dummyData_87,dummyData_26,dummyData_82,
dummyData_85,dummyData_12,dummyData_62,dummyData_86,dummyData_64,dummyData_54,dummyData_96,dummyData_95,dummyData_17,
dummyData_32,dummyData_74,dummyData_96,dummyData_16,dummyData_3,dummyData_48,dummyData_18,dummyData_22,dummyData_78,
dummyData_85,dummyData_37,dummyData_19,dummyData_41,dummyData_12,dummyData_58,dummyData_24,dummyData_95,dummyData_29,
dummyData_17,dummyData_2,dummyData_44,dummyData_75,dummyData_95,dummyData_81,dummyData_34,dummyData_51,dummyData_59,
dummyData_53,dummyData_47,dummyData_27,dummyData_9,dummyData_26,dummyData_44,dummyData_47,dummyData_12,dummyData_2,
dummyData_36,dummyData_71,dummyData_22,dummyData_14,dummyData_53,dummyData_29,dummyData_71,dummyData_95,dummyData_95,
dummyData_79,dummyData_63,dummyData_80,dummyData_50,dummyData_37,dummyData_29,dummyData_66,dummyData_18,dummyData_32,
